{"benchmarks":[{"name":"copydir empty","group":null,"time":500,"warmup":true,"baseline":false,"async":true,"stats":{"n":91473,"min":4500,"max":4764600,"jit":[574900,33800,10000,20600,8300,7000,7100,6800,6800,6800],"p75":4800,"p99":10900,"avg":5467,"p995":18800,"p999":91600}},{"name":"copydir files","group":null,"time":500,"warmup":true,"baseline":false,"async":true,"stats":{"n":18,"min":5908.1,"max":7281.42,"jit":[486100,35500,9400,7500,7200,6600,6800,6600,6600,12700],"p75":6379.8,"p99":7281.42,"avg":6257.51888888889,"p995":7281.42,"p999":7281.42}},{"name":"rmdir empty","group":null,"time":500,"warmup":true,"baseline":false,"async":true,"stats":{"n":47,"min":1192.9,"max":1849.36,"jit":[403200,27900,2500,1800,1600,1900,1600,1600,1700,1700],"p75":1403.4,"p99":1849.36,"avg":1363.8748936170211,"p995":1849.36,"p999":1849.36}},{"name":"rmdir files","group":null,"time":500,"warmup":true,"baseline":false,"async":true,"stats":{"n":44,"min":1337.62,"max":1930.08,"jit":[660500,21300,5600,3100,3200,3000,3200,3600,3400,3400],"p75":1566.05,"p99":1930.08,"avg":1509.540909090909,"p995":1930.08,"p999":1930.08}}],"cpu":"Intel(R) Core(TM) i5-9300HF CPU @ 2.40GHz","runtime":"bun 0.1.4 (x64-linux)"}