{"benchmarks":[{"name":"copydir empty","group":null,"time":500,"warmup":true,"baseline":false,"async":true,"stats":{"n":82625,"min":4300,"max":8905700,"jit":[803600,57100,14300,40200,12800,10700,10700,10500,9600,9100],"p75":4800,"p99":12700,"avg":6053,"p995":20900,"p999":96200}},{"name":"copydir files","group":null,"time":500,"warmup":true,"baseline":false,"async":true,"stats":{"n":18,"min":5758.6,"max":7048.49,"jit":[640200,38200,9500,7300,6900,6900,7000,6900,6900,13300],"p75":6165.71,"p99":7048.49,"avg":6197.812222222223,"p995":7048.49,"p999":7048.49}},{"name":"rmdir empty","group":null,"time":500,"warmup":true,"baseline":false,"async":true,"stats":{"n":44,"min":1184.58,"max":4317.77,"jit":[375000,54000,4100,2900,2400,2500,2500,2500,2600,3000],"p75":1438.01,"p99":4317.77,"avg":1466.0638636363635,"p995":4317.77,"p999":4317.77}},{"name":"rmdir files","group":null,"time":500,"warmup":true,"baseline":false,"async":true,"stats":{"n":43,"min":1352.18,"max":2457.64,"jit":[380600,9300,2900,2200,2100,2100,2000,2000,2300,2000],"p75":1529.02,"p99":2457.64,"avg":1513.4397674418606,"p995":2457.64,"p999":2457.64}}],"cpu":"Intel(R) Core(TM) i5-9300HF CPU @ 2.40GHz","runtime":"bun 0.1.4 (x64-linux)"}